[
  {
    "postId": "10",
    "id": 46,
    "name": "dignissimos et deleniti voluptate et quod",
    "email": "Jeremy.Harann@waino.me",
    "body": "exercitationem et id quae cum omnis\nvoluptatibus accusantium et quidem\nut ipsam sint\ndoloremque illo ex atque necessitatibus sed"
  },
  {
    "postId": "10",
    "id": 47,
    "name": "rerum commodi est non dolor nesciunt ut",
    "email": "Pearlie.Kling@sandy.com",
    "body": "occaecati laudantium ratione non cumque\nearum quod non enim soluta nisi velit similique voluptatibus\nesse laudantium consequatur voluptatem rem eaque voluptatem aut ut\net sit quam"
  },
  {
    "postId": "10",
    "id": 48,
    "name": "consequatur animi dolorem saepe repellendus ut quo aut tenetur",
    "email": "Manuela_Stehr@chelsie.tv",
    "body": "illum et alias quidem magni voluptatum\nab soluta ea qui saepe corrupti hic et\ncum repellat esse\nest sint vel veritatis officia consequuntur cum"
  },
  {
    "postId": "10",
    "id": 49,
    "name": "rerum placeat quae minus iusto eligendi",
    "email": "Camryn.Weimann@doris.io",
    "body": "id est iure occaecati quam similique enim\nab repudiandae non\nillum expedita quam excepturi soluta qui placeat\nperspiciatis optio maiores non doloremque aut iusto sapiente"
  },
  {
    "postId": "10",
    "id": 50,
    "name": "dolorum soluta quidem ex quae occaecati dicta aut doloribus",
    "email": "Kiana_Predovic@yasmin.io",
    "body": "eum accusamus aut delectus\narchitecto blanditiis quia sunt\nrerum harum sit quos quia aspernatur vel corrupti inventore\nanimi dicta vel corporis"
  }
]